Entrez ID	Symbol	Name	Gene Family	Type	RNA-Seq Correlation	RNA-Seq Correlation Self-Rank
3638	INSIG1	insulin induced gene 1		landmark		
2309	FOXO3	forkhead box O3	Forkhead boxes	landmark		
1001	CDH3	cadherin 3	Type I classical cadherins	landmark		
4998	ORC1	origin recognition complex subunit 1	AAA ATPases, Origin recognition complex 	landmark		
3682	ITGAE	integrin subunit alpha E	CD molecules, Integrin alpha subunits	landmark		
1022	CDK7	cyclin dependent kinase 7	Cyclin dependent kinases	landmark		
2353	FOS	Fos proto-oncogene, AP-1 transcription factor subunit	Basic leucine zipper proteins, Fos transcription factor family	landmark		
1021	CDK6	cyclin dependent kinase 6	Cyclin dependent kinases	landmark		
1019	CDK4	cyclin dependent kinase 4	Cyclin dependent kinases	landmark		
1017	CDK2	cyclin dependent kinase 2	Cyclin dependent kinases	landmark		
3693	ITGB5	integrin subunit beta 5	Integrin beta subunits	landmark		
1029	CDKN2A	cyclin dependent kinase inhibitor 2A		landmark		
1027	CDKN1B	cyclin dependent kinase inhibitor 1B		landmark		
1026	CDKN1A	cyclin dependent kinase inhibitor 1A		landmark		
2356	FPGS	folylpolyglutamate synthase		landmark		
1052	CEBPD	CCAAT/enhancer binding protein delta	Basic leucine zipper proteins, CCAAT/enhancer binding proteins 	landmark		
1050	CEBPA	CCAAT/enhancer binding protein alpha	Basic leucine zipper proteins, CCAAT/enhancer binding proteins 	landmark		
1062	CENPE	centromere protein E	Kinesins, Protein phosphatase 1 regulatory subunits	landmark		
85377	MICALL1	MICAL like 1	LIM domain containing	landmark		
1070	CETN3	centrin 3	EF-hand domain containing	landmark		
11065	UBE2C	ubiquitin conjugating enzyme E2 C	Ubiquitin conjugating enzymes E2	landmark		
11072	DUSP14	dual specificity phosphatase 14	Atypical dual specificity phosphatases	landmark		
11073	TOPBP1	topoisomerase (DNA) II binding protein 1	BRCA1 B complex	landmark		
11041	B4GAT1	beta-1,4-glucuronyltransferase 1		landmark		
23029	RBM34	RNA binding motif protein 34	RNA binding motif containing	landmark		
11044	PAPD7	poly(A) RNA polymerase D7, non-canonical	Non-canonical poly(A) polymerases	landmark		
23038	WDTC1	WD and tetratricopeptide repeats 1	WD repeat domain containing, DDB1 and CUL4 associated factors, Tetratricopeptide repeat domain containing	landmark		
23039	XPO7	exportin 7	Exportins	landmark		
26993	AKAP8L	A-kinase anchoring protein 8 like		landmark		
11031	RAB31	RAB31, member RAS oncogene family	RAB, member RAS oncogene GTPases	landmark		
23013	SPEN	spen family transcriptional repressor	RNA binding motif containing	landmark		
23014	FBXO21	F-box protein 21	F-boxes other	landmark		
23011	RAB21	RAB21, member RAS oncogene family	RAB, member RAS oncogene GTPases	landmark		
11000	SLC27A3	solute carrier family 27 member 3	Acyl-CoA synthetase family, Solute carriers	landmark		
11004	KIF2C	kinesin family member 2C	Kinesins	landmark		
11007	CCDC85B	coiled-coil domain containing 85B		landmark		
11011	TLK2	tousled like kinase 2		landmark		
11014	KDELR2	KDEL endoplasmic reticulum protein retention receptor 2		landmark		
63933	MCUR1	mitochondrial calcium uniporter regulator 1		landmark		
23097	CDK19	cyclin dependent kinase 19	Cyclin dependent kinases, Mediator complex	landmark		
3725	JUN	Jun proto-oncogene, AP-1 transcription factor subunit	Basic leucine zipper proteins, Jun transcription factor family	landmark		
23061	TBC1D9B	TBC1 domain family member 9B	EF-hand domain containing, GRAM domain containing	landmark		
11098	PRSS23	protease, serine 23	Proteases, serine	landmark		
23076	RRP1B	ribosomal RNA processing 1B	Protein phosphatase 1 regulatory subunits	landmark		
23077	MYCBP2	MYC binding protein 2, E3 ubiquitin protein ligase		landmark		
1111	CHEK1	checkpoint kinase 1		landmark		
3775	KCNK1	potassium two pore domain channel subfamily K member 1	Potassium two pore domain channel subfamily K	landmark		
1123	CHN1	chimerin 1	Rho GTPase activating proteins, SH2 domain containing	landmark		
1153	CIRBP	cold inducible RNA binding protein	RNA binding motif containing	landmark		
50810	HDGFRP3	hepatoma-derived growth factor, related protein 3		landmark		
50813	COPS7A	COP9 signalosome subunit 7A	COP9 signalosome	landmark		
50814	NSDHL	NAD(P) dependent steroid dehydrogenase-like	Short chain dehydrogenase/reductase superfamily	landmark		
23200	ATP11B	ATPase phospholipid transporting 11B (putative)	ATPase phospholipid transporting	landmark		
11230	PRAF2	PRA1 domain family member 2	YIP family	landmark		
23210	JMJD6	arginine demethylase and lysine hydroxylase		landmark		
23212	RRS1	ribosome biogenesis regulator homolog		landmark		
25874	MPC2	mitochondrial pyruvate carrier 2		landmark		
84159	ARID5B	AT-rich interaction domain 5B	AT-rich interaction domain containing	landmark		
11232	POLG2	DNA polymerase gamma 2, accessory subunit	DNA polymerases	landmark		
11200	CHEK2	checkpoint kinase 2		landmark		
25825	BACE2	beta-site APP-cleaving enzyme 2		landmark		
25839	COG4	component of oligomeric golgi complex 4	Components of oligomeric golgi complex	landmark		
25803	SPDEF	SAM pointed domain containing ETS transcription factor	ETS transcription factor family	landmark		
25805	BAMBI	BMP and activin membrane bound inhibitor		landmark		
200734	SPRED2	sprouty related EVH1 domain containing 2		landmark		
11182	SLC2A6	solute carrier family 2 member 6	Solute carriers	landmark		
23161	SNX13	sorting nexin 13	Sorting nexins	landmark		
11188	NISCH	nischarin		landmark		
16	AARS	alanyl-tRNA synthetase	Aminoacyl tRNA synthetases, Class II	landmark		
23	ABCF1	ATP binding cassette subfamily F member 1	ATP binding cassette subfamily F	landmark		
25	ABL1	ABL proto-oncogene 1, non-receptor tyrosine kinase	SH2 domain containing	landmark		
23149	FCHO1	FCH domain only 1	F-BAR domain containing	landmark		
23142	DCUN1D4	defective in cullin neddylation 1 domain containing 4		landmark		
11168	PSIP1	PC4 and SFRS1 interacting protein 1	PWWP domain containing	landmark		
30	ACAA1	acetyl-CoA acyltransferase 1		landmark		
39	ACAT2	acetyl-CoA acetyltransferase 2		landmark		
47	ACLY	ATP citrate lyase		landmark		
11142	PKIG	cAMP-dependent protein kinase inhibitor gamma		landmark		
11151	CORO1A	coronin 1A	WD repeat domain containing, Coronins	landmark		
23139	MAST2	microtubule associated serine/threonine kinase 2	PDZ domain containing	landmark		
23131	GPATCH8	G-patch domain containing 8	G-patch domain containing	landmark		
25793	FBXO7	F-box protein 7	F-boxes other, Parkinson disease associated genes	landmark		
11157	LSM6	LSM6 homolog, U6 small nuclear RNA and mRNA degradation associated		landmark		
11137	PWP1	PWP1 homolog, endonuclein	WD repeat domain containing	landmark		
3800	KIF5C	kinesin family member 5C	Kinesins	landmark		
3815	KIT	KIT proto-oncogene receptor tyrosine kinase	Receptor Tyrosine Kinases, CD molecules, Immunoglobulin like domain containing	landmark		
2523	FUT1	fucosyltransferase 1 (H blood group)	Fucosyltransferases, Blood group antigens	landmark		
2534	FYN	FYN proto-oncogene, Src family tyrosine kinase	SH2 domain containing, Src family tyrosine kinases	landmark		
2548	GAA	glucosidase alpha, acid		landmark		
1213	CLTC	clathrin heavy chain		landmark		
1212	CLTB	clathrin light chain B		landmark		
2542	SLC37A4	solute carrier family 37 member 4	Solute carriers	landmark		
2553	GABPB1	GA binding protein transcription factor beta subunit 1	Ankyrin repeat domain containing	landmark		
3895	KTN1	kinectin 1		landmark		
2582	GALE	UDP-galactose-4-epimerase	Short chain dehydrogenase/reductase superfamily	landmark		
2597	GAPDH	glyceraldehyde-3-phosphate dehydrogenase		landmark		
1282	COL4A1	collagen type IV alpha 1 chain	Collagens	landmark		
1277	COL1A1	collagen type I alpha 1 chain	Collagens	landmark		
23321	TRIM2	tripartite motif containing 2	Ring finger proteins, Tripartite motif containing	landmark		
25987	TSKU	tsukushi, small leucine rich proteoglycan		landmark		
23325	WASHC4	WASH complex subunit 4	WASH complex	landmark		
23326	USP22	ubiquitin specific peptidase 22	Ubiquitin specific peptidases, SAGA complex	landmark		
10013	HDAC6	histone deacetylase 6	Protein phosphatase 1 regulatory subunits, Histone deacetylases, class IIB	landmark		
11344	TWF2	twinfilin actin binding protein 2		landmark		
23335	WDR7	WD repeat domain 7	WD repeat domain containing	landmark		
23338	JADE2	jade family PHD finger 2	PHD finger proteins	landmark		
23300	ATMIN	ATM interactor	Zinc fingers C2H2-type	landmark		
25966	C2CD2	C2 calcium dependent domain containing 2	C2 domain containing	landmark		
11325	DDX42	DEAD-box helicase 42	DEAD-box helicases	landmark		
25976	TIPARP	TCDD inducible poly(ADP-ribose) polymerase	Poly(ADP-ribose) polymerases	landmark		
10007	GNPDA1	glucosamine-6-phosphate deaminase 1		landmark		
11319	ECD	ecdysoneless cell cycle regulator		landmark		
25932	CLIC4	chloride intracellular channel 4	Chloride intracellular channels	landmark		
11284	PNKP	polynucleotide kinase 3'-phosphatase	HAD Asp-based non-protein phosphatases	landmark		
23271	CAMSAP2	calmodulin regulated spectrin associated protein family member 2		landmark		
11261	CHP1	calcineurin like EF-hand protein 1	EF-hand domain containing	landmark		
23244	PDS5A	PDS5 cohesin associated factor A		landmark		
23223	RRP12	ribosomal RNA processing 12 homolog		landmark		
23224	SYNE2	spectrin repeat containing nuclear envelope protein 2	Spectrin repeat containing nuclear envelope family	landmark		
3909	LAMA3	laminin subunit alpha 3	Laminin subunits	landmark		
3925	STMN1	stathmin 1	Stathmins	landmark		
3930	LBR	lamin B receptor	Tudor domain containing	landmark		
50865	HEBP1	heme binding protein 1	Endogenous ligands	landmark		
2625	GATA3	GATA binding protein 3	GATA zinc finger domain containing	landmark		
2624	GATA2	GATA binding protein 2	GATA zinc finger domain containing	landmark		
3964	LGALS8	galectin 8	Galectins	landmark		
3978	LIG1	DNA ligase 1	DNA ligases, Nucleotide excision repair	landmark		
3988	LIPA	lipase A, lysosomal acid type	Lipases	landmark		
2673	GFPT1	glutamine--fructose-6-phosphate transaminase 1		landmark		
2690	GHR	growth hormone receptor	Fibronectin type III domain containing	landmark		
1385	CREB1	cAMP responsive element binding protein 1	Basic leucine zipper proteins	landmark		
116832	RPL39L	ribosomal protein L39 like	L ribosomal proteins	landmark		
1399	CRKL	CRK like proto-oncogene, adaptor protein	SH2 domain containing	landmark		
1398	CRK	CRK proto-oncogene, adaptor protein	SH2 domain containing	landmark		
23443	SLC35A3	solute carrier family 35 member A3	Solute carriers	landmark		
10131	TRAP1	TNF receptor associated protein 1	Heat shock 90kDa proteins	landmark		
10146	G3BP1	G3BP stress granule assembly factor 1	RNA binding motif containing	landmark		
10112	KIF20A	kinesin family member 20A	Kinesins	landmark		
10123	ARL4C	ADP ribosylation factor like GTPase 4C	ARF GTPase family	landmark		
23410	SIRT3	sirtuin 3	Sirtuins	landmark		
10099	TSPAN3	tetraspanin 3	Tetraspanins	landmark		
23386	NUDCD3	NudC domain containing 3	NudC family	landmark		
10051	SMC4	structural maintenance of chromosomes 4	Structural maintenance of chromosomes proteins	landmark		
23365	ARHGEF12	Rho guanine nucleotide exchange factor 12	Rho guanine nucleotide exchange factors, PDZ domain containing	landmark		
23368	PPP1R13B	protein phosphatase 1 regulatory subunit 13B	Ankyrin repeat domain containing, Protein phosphatase 1 regulatory subunits	landmark		
10057	ABCC5	ATP binding cassette subfamily C member 5	ATP binding cassette subfamily C	landmark		
10059	DNM1L	dynamin 1 like		landmark		
10058	ABCB6	ATP binding cassette subfamily B member 6 (Langereis blood group)	Blood group antigens, ATP binding cassette subfamily B	landmark		
23378	RRP8	ribosomal RNA processing 8, methyltransferase, homolog (yeast)	Seven-beta-strand methyltransferase motif containing	landmark		
10038	PARP2	poly(ADP-ribose) polymerase 2	Poly(ADP-ribose) polymerases	landmark		
10046	MAMLD1	mastermind like domain containing 1		landmark		
10049	DNAJB6	DnaJ heat shock protein family (Hsp40) member B6	DNAJ (HSP40) heat shock proteins	landmark		
2736	GLI2	GLI family zinc finger 2	Zinc fingers C2H2-type	landmark		
2745	GLRX	glutaredoxin		landmark		
1429	CRYZ	crystallin zeta		landmark		
2771	GNAI2	G protein subunit alpha i2		landmark		
2770	GNAI1	G protein subunit alpha i1		landmark		
2767	GNA11	G protein subunit alpha 11		landmark		
2769	GNA15	G protein subunit alpha 15		landmark		
2778	GNAS	GNAS complex locus	Granins	landmark		
1445	CSK	CSK, non-receptor tyrosine kinase	SH2 domain containing	landmark		
1459	CSNK2A2	casein kinase 2 alpha 2		landmark		
1454	CSNK1E	casein kinase 1 epsilon		landmark		
1452	CSNK1A1	casein kinase 1 alpha 1		landmark		
1465	CSRP1	cysteine and glycine rich protein 1	LIM domain containing	landmark		
10237	SLC35B1	solute carrier family 35 member B1	Solute carriers	landmark		
10245	TIMM17B	translocase of inner mitochondrial membrane 17B		landmark		
23522	KAT6B	lysine acetyltransferase 6B	Zinc fingers C2HC-type, PHD finger proteins, Lysine acetyltransferases	landmark		
23530	NNT	nicotinamide nucleotide transhydrogenase		landmark		
23536	ADAT1	adenosine deaminase, tRNA specific 1	Adenosine deaminases acting on RNA	landmark		
10227	MFSD10	major facilitator superfamily domain containing 10		landmark		
10221	TRIB1	tribbles pseudokinase 1		landmark		
23512	SUZ12	SUZ12 polycomb repressive complex 2 subunit	Zinc fingers C2H2-type, Polycomb repressive complex 2	landmark		
10206	TRIM13	tripartite motif containing 13	Ring finger proteins, Tripartite motif containing	landmark		
10190	TXNDC9	thioredoxin domain containing 9		landmark		
60493	FASTKD5	FAST kinase domains 5		landmark		
10174	SORBS3	sorbin and SH3 domain containing 3		landmark		
10180	RBM6	RNA binding motif protein 6	G-patch domain containing, RNA binding motif containing	landmark		
23499	MACF1	microtubule-actin crosslinking factor 1	EF-hand domain containing, Plakins	landmark		
10150	MBNL2	muscleblind like splicing regulator 2	Zinc fingers CCCH-type	landmark		
23463	ICMT	isoprenylcysteine carboxyl methyltransferase		landmark		
10153	CEBPZ	CCAAT/enhancer binding protein zeta	CCAAT/enhancer binding proteins	landmark		
2810	SFN	stratifin	14-3-3 phospho-serine/phospho-threonine binding proteins	landmark		
10165	SLC25A13	solute carrier family 25 member 13	Solute carriers, EF-hand domain containing	landmark		
2817	GPC1	glypican 1	Glypicans	landmark		
1500	CTNND1	catenin delta 1	Armadillo repeat containing	landmark		
1509	CTSD	cathepsin D	Cathepsins	landmark		
1514	CTSL	cathepsin L	Cathepsins	landmark		
2852	GPER1	G protein-coupled estrogen receptor 1	G protein-coupled estrogen receptor	landmark		
1534	CYB561	cytochrome b561	Cytochrome b561	landmark		
2887	GRB10	growth factor receptor bound protein 10	Pleckstrin homology domain containing, SH2 domain containing	landmark		
2886	GRB7	growth factor receptor bound protein 7	Pleckstrin homology domain containing, SH2 domain containing	landmark		
2896	GRN	granulin precursor		landmark		
23670	TMEM2	transmembrane protein 2		landmark		
10362	HMG20B	high mobility group 20B	Non-canonical high mobility group	landmark		
23647	ARFIP2	ADP ribosylation factor interacting protein 2	Classical BAR domain containing	landmark		
23658	LSM5	LSM5 homolog, U6 small nuclear RNA and mRNA degradation associated		landmark		
23659	PLA2G15	phospholipase A2 group XV	Phospholipases	landmark		
10318	TNIP1	TNFAIP3 interacting protein 1		landmark		
23636	NUP62	nucleoporin 62	Nucleoporins	landmark		
23635	SSBP2	single stranded DNA binding protein 2		landmark		
10329	TMEM5	transmembrane protein 5		landmark		
10320	IKZF1	IKAROS family zinc finger 1	Zinc fingers C2H2-type, Protein phosphatase 1 regulatory subunits	landmark		
2908	NR3C1	nuclear receptor subfamily 3 group C member 1	Nuclear hormone receptors	landmark		
10298	PAK4	p21 (RAC1) activated kinase 4		landmark		
10270	AKAP8	A-kinase anchoring protein 8	A-kinase anchoring proteins	landmark		
10273	STUB1	STIP1 homology and U-box containing protein 1	U-box domain containing, Tetratricopeptide repeat domain containing	landmark		
23585	TMEM50A	transmembrane protein 50A		landmark		
23588	KLHDC2	kelch domain containing 2		landmark		
2920	CXCL2	C-X-C motif chemokine ligand 2	Chemokine ligands, Endogenous ligands	landmark		
10276	NET1	neuroepithelial cell transforming 1	Pleckstrin homology domain containing, Rho guanine nucleotide exchange factors	landmark		
23597	ACOT9	acyl-CoA thioesterase 9	Acyl-CoA thioesterases	landmark		
10285	SMNDC1	survival motor neuron domain containing 1	Tudor domain containing	landmark		
1605	DAG1	dystroglycan 1		landmark		
1616	DAXX	death domain associated protein		landmark		
2946	GSTM2	glutathione S-transferase mu 2	Glutathione S-transferases	landmark		
2954	GSTZ1	glutathione S-transferase zeta 1	Glutathione S-transferases	landmark		
2958	GTF2A2	general transcription factor IIA subunit 2	General transcription factors	landmark		
2956	MSH6	mutS homolog 6	MutS homologs, PWWP domain containing	landmark		
60528	ELAC2	elaC ribonuclease Z 2		landmark		
1635	DCTD	dCMP deaminase		landmark		
1633	DCK	deoxycytidine kinase		landmark		
2961	GTF2E2	general transcription factor IIE subunit 2	General transcription factors	landmark		
1643	DDB2	damage specific DNA binding protein 2	WD repeat domain containing, Xeroderma pigmentosum complementation groups, Nucleotide excision repair	landmark		
1647	GADD45A	growth arrest and DNA damage inducible alpha		landmark		
1666	DECR1	2,4-dienoyl-CoA reductase 1	Short chain dehydrogenase/reductase superfamily	landmark		
1662	DDX10	DEAD-box helicase 10	DEAD-box helicases	landmark		
1677	DFFB	DNA fragmentation factor subunit beta		landmark		
1676	DFFA	DNA fragmentation factor subunit alpha		landmark		
10491	CRTAP	cartilage associated protein		landmark		
10493	VAT1	vesicle amine transport 1		landmark		
10494	STK25	serine/threonine kinase 25	STRIPAK complex	landmark		
10489	LRRC41	leucine rich repeat containing 41		landmark		
10451	VAV3	vav guanine nucleotide exchange factor 3	Pleckstrin homology domain containing, Rho guanine nucleotide exchange factors, SH2 domain containing	landmark		
10450	PPIE	peptidylprolyl isomerase E	RNA binding motif containing, Cyclophilin peptidylprolyl isomerases	landmark		
10434	LYPLA1	lysophospholipase I		landmark		
10398	MYL9	myosin light chain 9	Myosin light chains, EF-hand domain containing	landmark		
1738	DLD	dihydrolipoamide dehydrogenase		landmark		
84617	TUBB6	tubulin beta 6 class V	Tubulins	landmark		
1759	DNM1	dynamin 1	Pleckstrin homology domain containing	landmark		
57019	CIAPIN1	cytokine induced apoptosis inhibitor 1	Seven-beta-strand methyltransferase motif containing	landmark		
1788	DNMT3A	DNA methyltransferase 3 alpha	PWWP domain containing	landmark		
1786	DNMT1	DNA methyltransferase 1	Zinc fingers CXXC-type, Seven-beta-strand methyltransferase motif containing	landmark		
57048	PLSCR3	phospholipid scramblase 3	Phospholipid scramblases	landmark		
200081	TXLNA	taxilin alpha		landmark		
10513	APPBP2	amyloid beta precursor protein binding protein 2		landmark		
10525	HYOU1	hypoxia up-regulated 1	Heat shock 70kDa proteins	landmark		
10523	CHERP	calcium homeostasis endoplasmic reticulum protein	G-patch domain containing	landmark		
58533	SNX6	sorting nexin 6	Sorting nexins, PX-BAR domain containing	landmark		
57215	THAP11	THAP domain containing 11	THAP domain containing	landmark		
10589	DRAP1	DR1 associated protein 1		landmark		
10557	RPP38	ribonuclease P/MRP subunit p38		landmark		
10559	SLC35A1	solute carrier family 35 member A1	Solute carriers	landmark		
57192	MCOLN1	mucolipin 1	Transient receptor potential cation channels	landmark		
1802	DPH2	DPH2 homolog		landmark		
1829	DSG2	desmoglein 2	Desmosomal cadherins	landmark		
1831	TSC22D3	TSC22 domain family member 3		landmark		
1848	DUSP6	dual specificity phosphatase 6	MAP kinase phosphatases	landmark		
1846	DUSP4	dual specificity phosphatase 4	MAP kinase phosphatases	landmark		
1845	DUSP3	dual specificity phosphatase 3	Atypical dual specificity phosphatases	landmark		
84722	PSRC1	proline and serine rich coiled-coil 1		landmark		
1861	TOR1A	torsin family 1 member A		landmark		
1870	E2F2	E2F transcription factor 2	E2F transcription factors	landmark		
1891	ECH1	enoyl-CoA hydratase 1		landmark		
58472	SQRDL	sulfide quinone reductase-like (yeast)		landmark		
57149	LYRM1	LYR motif containing 1	LYR motif containing	landmark		
57147	SCYL3	SCY1 like pseudokinase 3	SCY1 like pseudokinases	landmark		
58478	ENOPH1	enolase-phosphatase 1	HAD Asp-based non-protein phosphatases	landmark		
58497	PRUNE1	prune exopolyphosphatase 1		landmark		
57178	ZMIZ1	zinc finger MIZ-type containing 1	Zinc fingers MIZ-type	landmark		
10652	YKT6	YKT6 v-SNARE homolog (S. cerevisiae)	SNAREs	landmark		
10668	CGRRF1	cell growth regulator with ring finger domain 1	Ring finger proteins	landmark		
10641	NPRL2	NPR2-like, GATOR1 complex subunit	GATOR1 subcomplex	landmark		
10644	IGF2BP2	insulin like growth factor 2 mRNA binding protein 2	RNA binding motif containing	landmark		
10617	STAMBP	STAM binding protein		landmark		
10610	ST6GALNAC2	ST6 N-acetylgalactosaminide alpha-2,6-sialyltransferase 2	Sialyltransferases	landmark		
10606	PAICS	phosphoribosylaminoimidazole carboxylase and phosphoribosylaminoimidazolesuccinocarboxamide synthase		landmark		
10695	CNPY3	canopy FGF signaling regulator 3	Trinucleotide repeat containing	landmark		
10670	RRAGA	Ras related GTP binding A		landmark		
10682	EBP	emopamil binding protein (sterol isomerase)		landmark		
10681	GNB5	G protein subunit beta 5	WD repeat domain containing	landmark		
94239	H2AFV	H2A histone family member V	Histones	landmark		
1906	EDN1	endothelin 1	Endogenous ligands	landmark		
1950	EGF	epidermal growth factor		landmark		
1958	EGR1	early growth response 1	Zinc fingers C2H2-type	landmark		
1956	EGFR	epidermal growth factor receptor	Erb-b2 receptor tyrosine kinases	landmark		
1978	EIF4EBP1	eukaryotic translation initiation factor 4E binding protein 1		landmark		
1983	EIF5	eukaryotic translation initiation factor 5		landmark		
1981	EIF4G1	eukaryotic translation initiation factor 4 gamma 1	Parkinson disease associated genes	landmark		
1994	ELAVL1	ELAV like RNA binding protein 1	RNA binding motif containing	landmark		
9019	MPZL1	myelin protein zero like 1	V-set domain containing	landmark		
9016	SLC25A14	solute carrier family 25 member 14	Solute carriers	landmark		
9053	MAP7	microtubule associated protein 7		landmark		
84890	ADO	2-aminoethanethiol dioxygenase		landmark		
10776	ARPP19	cAMP regulated phosphoprotein 19		landmark		
10775	POP4	POP4 homolog, ribonuclease P/MRP subunit		landmark		
10782	ZNF274	zinc finger protein 274	Zinc fingers C2H2-type, SCAN domain containing	landmark		
57406	ABHD6	abhydrolase domain containing 6	Abhydrolase domain containing	landmark		
9093	DNAJA3	DnaJ heat shock protein family (Hsp40) member A3	DNAJ (HSP40) heat shock proteins	landmark		
9097	USP14	ubiquitin specific peptidase 14	Ubiquitin specific peptidases	landmark		
10765	KDM5B	lysine demethylase 5B	PHD finger proteins, AT-rich interaction domain containing, Lysine demethylases	landmark		
10730	YME1L1	YME1 like 1 ATPase	AAA ATPases	landmark		
10732	TCFL5	transcription factor like 5	Basic helix-loop-helix proteins	landmark		
22794	CASC3	cancer susceptibility 3	Exon junction complex	landmark		
22796	COG2	component of oligomeric golgi complex 2	Components of oligomeric golgi complex	landmark		
10797	MTHFD2	methylenetetrahydrofolate dehydrogenase (NADP+ dependent) 2, methenyltetrahydrofolate cyclohydrolase		landmark		
256364	EML3	echinoderm microtubule associated protein like 3	WD repeat domain containing	landmark		
9112	MTA1	metastasis associated 1	GATA zinc finger domain containing, Myb/SANT domain containing, NuRD complex	landmark		
9124	PDLIM1	PDZ and LIM domain 1	LIM domain containing, PDZ domain containing	landmark		
9128	PRPF4	pre-mRNA processing factor 4	WD repeat domain containing	landmark		
9126	SMC3	structural maintenance of chromosomes 3	Proteoglycans, Structural maintenance of chromosomes proteins, Cohesin complex	landmark		
9133	CCNB2	cyclin B2	Cyclins	landmark		
9134	CCNE2	cyclin E2	Cyclins	landmark		
9143	SYNGR3	synaptogyrin 3		landmark		
9170	LPAR2	lysophosphatidic acid receptor 2	Lysophosphatidic acid receptors	landmark		
9183	ZW10	zw10 kinetochore protein		landmark		
9181	ARHGEF2	Rho/Rac guanine nucleotide exchange factor 2	Pleckstrin homology domain containing, Rho guanine nucleotide exchange factors	landmark		
10898	CPSF4	cleavage and polyadenylation specific factor 4		landmark		
10892	MALT1	MALT1 paracaspase	Immunoglobulin like domain containing, CBM complex	landmark		
22889	KIAA0907	KIAA0907		landmark		
22883	CLSTN1	calsyntenin 1	Cadherin related	landmark		
22887	FOXJ3	forkhead box J3	Forkhead boxes	landmark		
10857	PGRMC1	progesterone receptor membrane component 1	Membrane associated progesterone receptor family	landmark		
124583	CANT1	calcium activated nucleotidase 1		landmark		
22841	RAB11FIP2	RAB11 family interacting protein 2	C2 domain containing	landmark		
22809	ATF5	activating transcription factor 5	Basic leucine zipper proteins	landmark		
22823	MTF2	metal response element binding transcription factor 2	PHD finger proteins, Tudor domain containing	landmark		
22827	PUF60	poly(U) binding splicing factor 60	RNA binding motif containing	landmark		
10845	CLPX	caseinolytic mitochondrial matrix peptidase chaperone subunit	AAA ATPases	landmark		
9212	AURKB	aurora kinase B	Protein phosphatase 1 regulatory subunits, Chromosomal passenger complex	landmark		
9217	VAPB	VAMP associated protein B and C		landmark		
9221	NOLC1	nucleolar and coiled-body phosphoprotein 1		landmark		
10810	WASF3	WAS protein family member 3	Wiskott-Aldrich Syndrome protein family	landmark		
10813	UTP14A	UTP14A small subunit processome component		landmark		
10818	FRS2	fibroblast growth factor receptor substrate 2		landmark		
83743	GRWD1	glutamate rich WD repeat containing 1	WD repeat domain containing	landmark		
9246	UBE2L6	ubiquitin conjugating enzyme E2 L6	Ubiquitin conjugating enzymes E2	landmark		
9267	CYTH1	cytohesin 1	Pleckstrin homology domain containing	landmark		
9261	MAPKAPK2	mitogen-activated protein kinase-activated protein kinase 2	Mitogen-activated protein kinase-activated protein kinases	landmark		
9276	COPB2	coatomer protein complex subunit beta 2	WD repeat domain containing	landmark		
9270	ITGB1BP1	integrin subunit beta 1 binding protein 1		landmark		
9275	BCL7B	BCL tumor suppressor 7B		landmark		
9289	ADGRG1	adhesion G protein-coupled receptor G1	Adhesion G protein-coupled receptors, subfamily G	landmark		
55008	HERC6	HECT and RLD domain containing E3 ubiquitin protein ligase family member 6		landmark		
10972	TMED10	transmembrane p24 trafficking protein 10	Transmembrane p24 trafficking proteins	landmark		
10973	ASCC3	activating signal cointegrator 1 complex subunit 3	DNA helicases, RNA helicases	landmark		
55012	PPP2R3C	protein phosphatase 2 regulatory subunit B''gamma	Protein phosphatase 2 regulatory subunits	landmark		
55011	PIH1D1	PIH1 domain containing 1	R2TP complex	landmark		
22934	RPIA	ribose 5-phosphate isomerase A		landmark		
10954	PDIA5	protein disulfide isomerase family A member 5	Protein disulfide isomerases	landmark		
10953	TOMM34	translocase of outer mitochondrial membrane 34	Tetratricopeptide repeat domain containing	landmark		
55033	FKBP14	FK506 binding protein 14	EF-hand domain containing, FKBP prolyl isomerases	landmark		
10969	EBNA1BP2	EBNA1 binding protein 2		landmark		
55038	CDCA4	cell division cycle associated 4		landmark		
10962	MLLT11	myeloid/lymphoid or mixed-lineage leukemia; translocated to, 11		landmark		
147179	WIPF2	WAS/WASL interacting protein family member 2		landmark		
22908	SACM1L	SAC1 suppressor of actin mutations 1-like (yeast)	Phosphoinositide phosphatases	landmark		
22926	ATF6	activating transcription factor 6	Basic leucine zipper proteins	landmark		
10915	TCERG1	transcription elongation regulator 1		landmark		
9375	TM9SF2	transmembrane 9 superfamily member 2	Transmembrane 9 superfamily members	landmark		
22905	EPN2	epsin 2		landmark		
10921	RNPS1	RNA binding protein with serine rich domain 1	RNA binding motif containing, ASAP complex	landmark		
8050	PDHX	pyruvate dehydrogenase complex component X		landmark		
8061	FOSL1	FOS like 1, AP-1 transcription factor subunit	Basic leucine zipper proteins, Fos transcription factor family	landmark		
10904	BLCAP	bladder cancer associated protein		landmark		
8091	HMGA2	high mobility group AT-hook 2	Canonical high mobility group	landmark		
57761	TRIB3	tribbles pseudokinase 3		landmark		
55111	PLEKHJ1	pleckstrin homology domain containing J1	Pleckstrin homology domain containing	landmark		
55127	HEATR1	HEAT repeat containing 1	Minor histocompatibility antigens	landmark		
55129	ANO10	anoctamin 10	Anoctamins	landmark		
55148	UBR7	ubiquitin protein ligase E3 component n-recognin 7 (putative)	Ubiquitin protein ligase E3 component n-recognins	landmark		
79090	TRAPPC6A	trafficking protein particle complex 6A	Trafficking protein particle complex	landmark		
79094	CHAC1	ChaC glutathione specific gamma-glutamylcyclotransferase 1		landmark		
79080	CCDC86	coiled-coil domain containing 86		landmark		
9448	MAP4K4	mitogen-activated protein kinase kinase kinase kinase 4	Mitogen-activated protein kinase kinase kinase kinases	landmark		
9455	HOMER2	homer scaffolding protein 2	Homer scaffolding proteins	landmark		
9467	SH3BP5	SH3 domain binding protein 5		landmark		
79006	METRN	meteorin, glial cell differentiation regulator		landmark		
9488	PIGB	phosphatidylinositol glycan anchor biosynthesis class B	Dolichyl D-mannosyl phosphate dependent mannosyltransferases, Phosphatidylinositol glycan anchor biosynthesis	landmark		
9491	PSMF1	proteasome inhibitor subunit 1	Proteasome	landmark		
79071	ELOVL6	ELOVL fatty acid elongase 6		landmark		
79073	TMEM109	transmembrane protein 109		landmark		
81533	ITFG1	integrin alpha FG-GAP repeat containing 1		landmark		
80204	FBXO11	F-box protein 11	F-boxes other, Ubiquitin protein ligase E3 component n-recognins	landmark		
55256	ADI1	acireductone dioxygenase 1		landmark		
80212	CCDC92	coiled-coil domain containing 92		landmark		
81544	GDPD5	glycerophosphodiester phosphodiesterase domain containing 5		landmark		
57804	POLD4	DNA polymerase delta 4, accessory subunit	DNA polymerases	landmark		
9517	SPTLC2	serine palmitoyltransferase long chain base subunit 2		landmark		
9519	TBPL1	TATA-box binding protein like 1		landmark		
9531	BAG3	BCL2 associated athanogene 3	BCL2 associated athanogene family	landmark		
8204	NRIP1	nuclear receptor interacting protein 1		landmark		
8202	NCOA3	nuclear receptor coactivator 3	Basic helix-loop-helix proteins, Lysine acetyltransferases, Trinucleotide repeat containing	landmark		
9533	POLR1C	RNA polymerase I subunit C	RNA polymerase subunits	landmark		
9552	SPAG7	sperm associated antigen 7		landmark		
8243	SMC1A	structural maintenance of chromosomes 1A	Structural maintenance of chromosomes proteins, Cohesin complex	landmark		
55179	FAIM	Fas apoptotic inhibitory molecule		landmark		
8270	LAGE3	L antigen family member 3		landmark		
79143	MBOAT7	membrane bound O-acyltransferase domain containing 7	Membrane bound O-acyltransferases	landmark		
79170	PRR15L	proline rich 15 like		landmark		
79174	CRELD2	cysteine rich with EGF like domains 2		landmark		
93487	MAPK1IP1L	mitogen-activated protein kinase 1 interacting protein 1 like		landmark		
79187	FSD1	fibronectin type III and SPRY domain containing 1	Fibronectin type III domain containing	landmark		
56654	NPDC1	neural proliferation, differentiation and control 1		landmark		
55324	ABCF3	ATP binding cassette subfamily F member 3	ATP binding cassette subfamily F	landmark		
30001	ERO1A	endoplasmic reticulum oxidoreductase 1 alpha		landmark		
66008	TRAK2	trafficking kinesin protein 2		landmark		
80347	COASY	Coenzyme A synthase		landmark		
29082	CHMP4A	charged multivesicular body protein 4A	Charged multivesicular body proteins, ESCRT-III	landmark		
29083	GTPBP8	GTP binding protein 8 (putative)		landmark		
9641	IKBKE	inhibitor of nuclear factor kappa B kinase subunit epsilon		landmark		
8312	AXIN1	axin 1	Protein phosphatase 1 regulatory subunits	landmark		
9637	FEZ2	fasciculation and elongation protein zeta 2		landmark		
8321	FZD1	frizzled class receptor 1	G protein-coupled receptors, Class F frizzled	landmark		
9653	HS2ST1	heparan sulfate 2-O-sulfotransferase 1	Sulfotransferases, membrane bound	landmark		
9650	MTFR1	mitochondrial fission regulator 1		landmark		
8324	FZD7	frizzled class receptor 7	G protein-coupled receptors, Class F frizzled	landmark		
8318	CDC45	cell division cycle 45		landmark		
7015	TERT	telomerase reverse transcriptase		landmark		
7016	TESK1	testis-specific kinase 1		landmark		
9670	IPO13	importin 13	Importins	landmark		
9686	VGLL4	vestigial like family member 4	Vestigial like family	landmark		
7027	TFDP1	transcription factor Dp-1	Transcription factor Dp family	landmark		
9688	NUP93	nucleoporin 93	Nucleoporins	landmark		
7020	TFAP2A	transcription factor AP-2 alpha		landmark		
8349	HIST2H2BE	histone cluster 2 H2B family member e	Histones	landmark		
9697	TRAM2	translocation associated membrane protein 2	TLC domain containing	landmark		
9695	EDEM1	ER degradation enhancing alpha-mannosidase like protein 1		landmark		
9690	UBE3C	ubiquitin protein ligase E3C		landmark		
7043	TGFB3	transforming growth factor beta 3	Endogenous ligands	landmark		
7048	TGFBR2	transforming growth factor beta receptor 2	Type 2 receptor serine/threonine kinases	landmark		
8396	PIP4K2B	phosphatidylinositol-5-phosphate 4-kinase type 2 beta		landmark		
7077	TIMP2	TIMP metallopeptidase inhibitor 2	Tissue inhibitor of metallopeptidases	landmark		
7074	TIAM1	T-cell lymphoma invasion and metastasis 1	Pleckstrin homology domain containing, Rho guanine nucleotide exchange factors, PDZ domain containing	landmark		
7088	TLE1	transducin like enhancer of split 1	WD repeat domain containing	landmark		
7082	TJP1	tight junction protein 1	Membrane associated guanylate kinases, PDZ domain containing	landmark		
93594	TBC1D31	TBC1 domain family member 31	WD repeat domain containing	landmark		
7099	TLR4	toll like receptor 4	CD molecules, Toll like receptors	landmark		
29103	DNAJC15	DnaJ heat shock protein family (Hsp40) member C15	DNAJ (HSP40) heat shock proteins	landmark		
148022	TICAM1	toll like receptor adaptor molecule 1	TIR domain containing	landmark		
9712	USP6NL	USP6 N-terminal like		landmark		
9710	KIAA0355	KIAA0355		landmark		
9702	CEP57	centrosomal protein 57		landmark		
9703	KIAA0100	KIAA0100		landmark		
9709	HERPUD1	homocysteine inducible ER protein with ubiquitin like domain 1		landmark		
102	ADAM10	ADAM metallopeptidase domain 10	ADAM metallopeptidase domain containing, CD molecules	landmark		
9738	CCP110	centriolar coiled-coil protein 110		landmark		
128	ADH5	alcohol dehydrogenase 5 (class III), chi polypeptide	Alcohol dehydrogenases	landmark		
9761	MLEC	malectin	Oligosaccharyltransferase complex subunits	landmark		
7105	TSPAN6	tetraspanin 6	Tetraspanins	landmark		
8440	NCK2	NCK adaptor protein 2	SH2 domain containing	landmark		
8446	DUSP11	dual specificity phosphatase 11	Atypical dual specificity phosphatases	landmark		
8444	DYRK3	dual specificity tyrosine phosphorylation regulated kinase 3		landmark		
142	PARP1	poly(ADP-ribose) polymerase 1	Zinc fingers, Zinc fingers PARP-type, Poly(ADP-ribose) polymerases	landmark		
7106	TSPAN4	tetraspanin 4	Tetraspanins	landmark		
154	ADRB2	adrenoceptor beta 2	Adrenoceptors	landmark		
9797	TATDN2	TatD DNase domain containing 2		landmark		
178	AGL	amylo-alpha-1, 6-glucosidase, 4-alpha-glucanotransferase		landmark		
7153	TOP2A	topoisomerase (DNA) II alpha	Topoisomerases	landmark		
7158	TP53BP1	tumor protein p53 binding protein 1	Tudor domain containing	landmark		
7157	TP53	tumor protein p53		landmark		
7159	TP53BP2	tumor protein p53 binding protein 2	Ankyrin repeat domain containing, Protein phosphatase 1 regulatory subunits	landmark		
8480	RAE1	ribonucleic acid export 1	WD repeat domain containing, Nucleoporins	landmark		
7165	TPD52L2	tumor protein D52 like 2		landmark		
7168	TPM1	tropomyosin 1 (alpha)	Tropomyosins	landmark		
80349	WDR61	WD repeat domain 61	WD repeat domain containing, Paf1/RNA polymerase II complex 	landmark		
9801	MRPL19	mitochondrial ribosomal protein L19	Mitochondrial ribosomal proteins	landmark		
9805	SCRN1	secernin 1		landmark		
9813	EFCAB14	EF-hand calcium binding domain 14	EF-hand domain containing	landmark		
9817	KEAP1	kelch like ECH associated protein 1	Kelch like, BTB domain containing	landmark		
9833	MELK	maternal embryonic leucine zipper kinase		landmark		
207	AKT1	AKT serine/threonine kinase 1	Pleckstrin homology domain containing	landmark		
54205	CYCS	cytochrome c, somatic		landmark		
9842	PLEKHM1	pleckstrin homology and RUN domain containing M1	Pleckstrin homology domain containing	landmark		
211	ALAS1	5'-aminolevulinate synthase 1		landmark		
8503	PIK3R3	phosphoinositide-3-kinase regulatory subunit 3	SH2 domain containing	landmark		
8508	NIPSNAP1	nipsnap homolog 1		landmark		
8520	HAT1	histone acetyltransferase 1	Lysine acetyltransferases	landmark		
9851	KIAA0753	KIAA0753		landmark		
9854	C2CD2L	C2CD2 like		landmark		
55556	ENOSF1	enolase superfamily member 1		landmark		
226	ALDOA	aldolase, fructose-bisphosphate A		landmark		
9847	C2CD5	C2 calcium dependent domain containing 5	C2 domain containing	landmark		
56889	TM9SF3	transmembrane 9 superfamily member 3	Transmembrane 9 superfamily members	landmark		
8518	IKBKAP	inhibitor of kappa light polypeptide gene enhancer in B-cells, kinase complex-associated protein	Elongator acetyltransferase complex	landmark		
230	ALDOC	aldolase, fructose-bisphosphate C		landmark		
9868	TOMM70	translocase of outer mitochondrial membrane 70	Tetratricopeptide repeat domain containing, Translocase of outer mitochondrial membrane complex	landmark		
8553	BHLHE40	basic helix-loop-helix family member e40	Basic helix-loop-helix proteins	landmark		
8550	MAPKAPK5	mitogen-activated protein kinase-activated protein kinase 5	Mitogen-activated protein kinase-activated protein kinases	landmark		
9897	WASHC5	WASH complex subunit 5	WASH complex	landmark		
8574	AKR7A2	aldo-keto reductase family 7 member A2	Aldo-keto reductases	landmark		
8573	CASK	calcium/calmodulin dependent serine protein kinase	Trinucleotide repeat containing, Membrane associated guanylate kinases, PDZ domain containing	landmark		
8569	MKNK1	MAP kinase interacting serine/threonine kinase 1	Mitogen-activated protein kinase-activated protein kinases	landmark		
7264	TSTA3	tissue specific transplantation antigen P35B	Short chain dehydrogenase/reductase superfamily	landmark		
291	SLC25A4	solute carrier family 25 member 4	Solute carriers	landmark		
91137	SLC25A46	solute carrier family 25 member 46	Solute carriers	landmark		
7296	TXNRD1	thioredoxin reductase 1	Selenoproteins	landmark		
79643	CHMP6	charged multivesicular body protein 6	Charged multivesicular body proteins, ESCRT-III	landmark		
55699	IARS2	isoleucyl-tRNA synthetase 2, mitochondrial	Aminoacyl tRNA synthetases, Class I	landmark		
54386	TERF2IP	TERF2 interacting protein	Shelterin complex	landmark		
65057	ACD	ACD, shelterin complex subunit and telomerase recruitment factor	Shelterin complex	landmark		
55604	CARMIL1	capping protein regulator and myosin 1 linker 1		landmark		
55608	ANKRD10	ankyrin repeat domain 10	Ankyrin repeat domain containing	landmark		
56940	DUSP22	dual specificity phosphatase 22	Atypical dual specificity phosphatases	landmark		
9903	KLHL21	kelch like family member 21	Kelch like, BTB domain containing	landmark		
55620	STAP2	signal transducing adaptor family member 2		landmark		
9917	FAM20B	FAM20B, glycosaminoglycan xylosylkinase		landmark		
9918	NCAPD2	non-SMC condensin I complex subunit D2		landmark		
9915	ARNT2	aryl hydrocarbon receptor nuclear translocator 2	Basic helix-loop-helix proteins	landmark		
9924	PAN2	PAN2 poly(A) specific ribonuclease subunit	Ubiquitin specific peptidases, Exonucleases	landmark		
9928	KIF14	kinesin family member 14	Kinesins	landmark		
9926	LPGAT1	lysophosphatidylglycerol acyltransferase 1		landmark		
9943	OXSR1	oxidative stress responsive 1		landmark		
310	ANXA7	annexin A7	Annexins	landmark		
8607	RUVBL1	RuvB like AAA ATPase 1	AAA ATPases, INO80 complex, DNA helicases, SRCAP complex, R2TP complex	landmark		
323	APBB2	amyloid beta precursor protein binding family B member 2		landmark		
79600	TCTN1	tectonic family member 1	Tectonic proteins	landmark		
329	BIRC2	baculoviral IAP repeat containing 2	Ring finger proteins, Baculoviral IAP repeat containing, Caspase recruitment domain containing	landmark		
9961	MVP	major vault protein		landmark		
332	BIRC5	baculoviral IAP repeat containing 5	Baculoviral IAP repeat containing, Chromosomal passenger complex	landmark		
56997	COQ8A	coenzyme Q8A		landmark		
8624	PSMG1	proteasome assembly chaperone 1		landmark		
348	APOE	apolipoprotein E	Apolipoproteins	landmark		
351	APP	amyloid beta precursor protein	Endogenous ligands	landmark		
355	FAS	Fas cell surface death receptor	CD molecules, Tumor necrosis factor receptor superfamily, Death inducing signaling complex 	landmark		
7319	UBE2A	ubiquitin conjugating enzyme E2 A	Ubiquitin conjugating enzymes E2	landmark		
9988	DMTF1	cyclin D binding myb like transcription factor 1	Myb/SANT domain containing	landmark		
8678	BECN1	beclin 1	Autophagy related	landmark		
6009	RHEB	Ras homolog enriched in brain	RAS type GTPase family	landmark		
7358	UGDH	UDP-glucose 6-dehydrogenase		landmark		
387	RHOA	ras homolog family member A	Rho family GTPases	landmark		
392	ARHGAP1	Rho GTPase activating protein 1	Rho GTPase activating proteins, BCH domain containing 	landmark		
7376	NR1H2	nuclear receptor subfamily 1 group H member 2	Nuclear hormone receptors	landmark		
6050	RNH1	ribonuclease/angiogenin inhibitor 1		landmark		
7398	USP1	ubiquitin specific peptidase 1	Ubiquitin specific peptidases	landmark		
56924	PAK6	p21 (RAC1) activated kinase 6		landmark		
65123	INTS3	integrator complex subunit 3	Integrator complex	landmark		
80758	PRR7	proline rich 7, synaptic		landmark		
375346	TMEM110	transmembrane protein 110		landmark		
80746	TSEN2	tRNA splicing endonuclease subunit 2	tRNA-splicing endonuclease subunits	landmark		
54499	TMCO1	transmembrane and coiled-coil domains 1		landmark		
55748	CNDP2	CNDP dipeptidase 2 (metallopeptidase M20 family)		landmark		
55746	NUP133	nucleoporin 133	Minor histocompatibility antigens, Nucleoporins	landmark		
79716	NPEPL1	aminopeptidase-like 1	Aminopeptidases	landmark		
8720	MBTPS1	membrane bound transcription factor peptidase, site 1	Proprotein convertase subtilisin/kexin family	landmark		
427	ASAH1	N-acylsphingosine amidohydrolase 1		landmark		
8731	RNMT	RNA guanine-7 methyltransferase	Seven-beta-strand methyltransferase motif containing	landmark		
8726	EED	embryonic ectoderm development	WD repeat domain containing, Polycomb repressive complex 2	landmark		
54438	GFOD1	glucose-fructose oxidoreductase domain containing 1		landmark		
8727	CTNNAL1	catenin alpha like 1		landmark		
54442	KCTD5	potassium channel tetramerization domain containing 5		landmark		
7416	VDAC1	voltage dependent anion channel 1	Voltage dependent anion channels	landmark		
55793	MINDY1	MINDY lysine 48 deubiquitinase 1	MINDY deubiquitinases	landmark		
466	ATF1	activating transcription factor 1	Basic leucine zipper proteins	landmark		
481	ATP1B1	ATPase Na+/K+ transporting subunit beta 1	ATPase Na+/K+ transporting subunits	landmark		
6117	RPA1	replication protein A1	Nucleotide excision repair	landmark		
6119	RPA3	replication protein A3	Nucleotide excision repair	landmark		
6118	RPA2	replication protein A2	Nucleotide excision repair	landmark		
7466	WFS1	wolframin ER transmembrane glycoprotein		landmark		
7485	WRB	tryptophan rich basic protein		landmark		
7494	XBP1	X-box binding protein 1	Basic leucine zipper proteins	landmark		
6182	MRPL12	mitochondrial ribosomal protein L12	Mitochondrial ribosomal proteins	landmark		
6184	RPN1	ribophorin I	Oligosaccharyltransferase complex subunits	landmark		
6193	RPS5	ribosomal protein S5	S ribosomal proteins	landmark		
6195	RPS6KA1	ribosomal protein S6 kinase A1	Mitogen-activated protein kinase-activated protein kinases	landmark		
6194	RPS6	ribosomal protein S6	S ribosomal proteins	landmark		
388650	FAM69A	family with sequence similarity 69 member A		landmark		
501	ALDH7A1	aldehyde dehydrogenase 7 family member A1	Aldehyde dehydrogenases	landmark		
54512	EXOSC4	exosome component 4	Exosome complex	landmark		
55847	CISD1	CDGSH iron sulfur domain 1	CDGSH iron sulfur domain containing	landmark		
8800	PEX11A	peroxisomal biogenesis factor 11 alpha	Peroxins	landmark		
8804	CREG1	cellular repressor of E1A stimulated genes 1		landmark		
8821	INPP4B	inositol polyphosphate-4-phosphatase type II B	C2 domain containing, Phosphoinositide phosphatases	landmark		
533	ATP6V0B	ATPase H+ transporting V0 subunit b	V-type ATPases	landmark		
8826	IQGAP1	IQ motif containing GTPase activating protein 1		landmark		
7511	XPNPEP1	X-prolyl aminopeptidase 1	Aminopeptidases	landmark		
54541	DDIT4	DNA damage inducible transcript 4		landmark		
8835	SOCS2	suppressor of cytokine signaling 2	SH2 domain containing, Suppressors of cytokine signaling	landmark		
8837	CFLAR	CASP8 and FADD like apoptosis regulator	Endogenous ligands, Death effector domain containing, Death inducing signaling complex 	landmark		
8851	CDK5R1	cyclin dependent kinase 5 regulatory subunit 1		landmark		
79850	FAM57A	family with sequence similarity 57 member A	TLC domain containing	landmark		
55893	ZNF395	zinc finger protein 395	Zinc fingers C2H2-type	landmark		
8870	IER3	immediate early response 3		landmark		
572	BAD	BCL2 associated agonist of cell death	BCL2 homology region 3 (BH3) only	landmark		
8869	ST3GAL5	ST3 beta-galactoside alpha-2,3-sialyltransferase 5	Sialyltransferases	landmark		
7538	ZFP36	ZFP36 ring finger protein	Ring finger proteins	landmark		
8884	SLC5A6	solute carrier family 5 member 6	Solute carriers	landmark		
581	BAX	BCL2 associated X, apoptosis regulator	BCL2 family	landmark		
8878	SQSTM1	sequestosome 1	Zinc fingers ZZ-type	landmark		
8895	CPNE3	copine 3	Copines	landmark		
595	CCND1	cyclin D1	Cyclins	landmark		
596	BCL2	BCL2, apoptosis regulator	Protein phosphatase 1 regulatory subunits, BCL2 family	landmark		
6251	RSU1	Ras suppressor protein 1		landmark		
6253	RTN2	reticulon 2		landmark		
6275	S100A4	S100 calcium binding protein A4	S100 calcium binding proteins, EF-hand domain containing	landmark		
6284	S100A13	S100 calcium binding protein A13	S100 calcium binding proteins	landmark		
55818	KDM3A	lysine demethylase 3A	Lysine demethylases	landmark		
55825	PECR	peroxisomal trans-2-enoyl-CoA reductase	Short chain dehydrogenase/reductase superfamily	landmark		
54505	DHX29	DExH-box helicase 29	DEAH-box helicases	landmark		
55837	EAPP	E2F associated phosphoprotein		landmark		
27095	TRAPPC3	trafficking protein particle complex 3	Trafficking protein particle complex	landmark		
64080	RBKS	ribokinase		landmark		
8900	CCNA1	cyclin A1	Cyclins	landmark		
27032	ATP2C1	ATPase secretory pathway Ca2+ transporting 1	ATPases Ca2+ transporting	landmark		
622	BDH1	3-hydroxybutyrate dehydrogenase 1	Short chain dehydrogenase/reductase superfamily	landmark		
8914	TIMELESS	timeless circadian clock		landmark		
637	BID	BH3 interacting domain death agonist	Endogenous ligands, BCL2 homology region 3 (BH3) only	landmark		
642	BLMH	bleomycin hydrolase		landmark		
644	BLVRA	biliverdin reductase A		landmark		
79921	TCEAL4	transcription elongation factor A like 4	Transcription elongation factor A like family	landmark		
652	BMP4	bone morphogenetic protein 4	Bone morphogenetic proteins, Endogenous ligands	landmark		
664	BNIP3	BCL2 interacting protein 3	BCL2 homology region 3 (BH3) only	landmark		
665	BNIP3L	BCL2 interacting protein 3 like		landmark		
79947	DHDDS	dehydrodolichyl diphosphate synthase subunit		landmark		
8974	P4HA2	prolyl 4-hydroxylase subunit alpha 2		landmark		
670	BPHL	biphenyl hydrolase like		landmark		
672	BRCA1	BRCA1, DNA repair associated	Ring finger proteins, Fanconi anemia complementation groups, Protein phosphatase 1 regulatory subunits, BRCA1 A complex, BRCA1 B complex, BRCA1 C complex	landmark		
53343	NUDT9	nudix hydrolase 9	Nudix hydrolase family	landmark		
6304	SATB1	SATB homeobox 1	CUT class homeoboxes and pseudogenes	landmark		
8985	PLOD3	procollagen-lysine,2-oxoglutarate 5-dioxygenase 3		landmark		
54681	P4HTM	prolyl 4-hydroxylase, transmembrane		landmark		
79961	DENND2D	DENN domain containing 2D	DENN/MADD domain containing	landmark		
8996	NOL3	nucleolar protein 3	Caspase recruitment domain containing	landmark		
695	BTK	Bruton tyrosine kinase	Pleckstrin homology domain containing, SH2 domain containing	landmark		
6342	SCP2	sterol carrier protein 2		landmark		
6347	CCL2	C-C motif chemokine ligand 2	Chemokine ligands, Endogenous ligands	landmark		
5018	OXA1L	OXA1L, mitochondrial inner membrane protein		landmark		
5019	OXCT1	3-oxoacid CoA-transferase 1		landmark		
7690	ZNF131	zinc finger protein 131	Zinc fingers C2H2-type, BTB domain containing	landmark		
5048	PAFAH1B1	platelet activating factor acetylhydrolase 1b regulatory subunit 1	WD repeat domain containing	landmark		
5054	SERPINE1	serpin family E member 1	Serpin peptidase inhibitors	landmark		
5058	PAK1	p21 (RAC1) activated kinase 1		landmark		
5050	PAFAH1B3	platelet activating factor acetylhydrolase 1b catalytic subunit 3		landmark		
6390	SDHB	succinate dehydrogenase complex iron sulfur subunit B	Mitochondrial complex II: succinate dehydrogenase subunits	landmark		
5096	PCCB	propionyl-CoA carboxylase beta subunit		landmark		
5092	PCBD1	pterin-4 alpha-carbinolamine dehydratase 1		landmark		
79902	NUP85	nucleoporin 85	Nucleoporins	landmark		
54623	PAF1	PAF1 homolog, Paf1/RNA polymerase II complex component	Paf1/RNA polymerase II complex	landmark		
55958	KLHL9	kelch like family member 9	Kelch like, BTB domain containing	landmark		
701	BUB1B	BUB1 mitotic checkpoint serine/threonine kinase B		landmark		
727	C5	complement C5	Complement system, Endogenous ligands, C3 and PZP like, alpha-2-macroglobulin domain containing	landmark		
7750	ZMYM2	zinc finger MYM-type containing 2	Zinc fingers MYM-type	landmark		
780	DDR1	discoidin domain receptor tyrosine kinase 1	Receptor Tyrosine Kinases, CD molecules	landmark		
5110	PCMT1	protein-L-isoaspartate (D-aspartate) O-methyltransferase	Seven-beta-strand methyltransferase motif containing	landmark		
5111	PCNA	proliferating cell nuclear antigen		landmark		
6443	SGCB	sarcoglycan beta		landmark		
5106	PCK2	phosphoenolpyruvate carboxykinase 2, mitochondrial		landmark		
5108	PCM1	pericentriolar material 1		landmark		
6461	SHB	SH2 domain containing adaptor protein B	SH2 domain containing	landmark		
6464	SHC1	SHC adaptor protein 1	SH2 domain containing	landmark		
5154	PDGFA	platelet derived growth factor subunit A		landmark		
6499	SKIV2L	Ski2 like RNA helicase	RNA helicases	landmark		
54733	SLC35F2	solute carrier family 35 member F2	Solute carriers	landmark		
27109	ATP5S	ATP synthase, H+ transporting, mitochondrial Fo complex subunit s (factor B)		landmark		
29763	PACSIN3	protein kinase C and casein kinase substrate in neurons 3	F-BAR domain containing	landmark		
808	CALM3	calmodulin 3	Endogenous ligands, EF-hand domain containing	landmark		
813	CALU	calumenin	EF-hand domain containing	landmark		
823	CAPN1	calpain 1	EF-hand domain containing, Calpains	landmark		
831	CAST	calpastatin		landmark		
835	CASP2	caspase 2	Caspases, Protein phosphatase 1 regulatory subunits, Caspase recruitment domain containing	landmark		
836	CASP3	caspase 3	Caspases	landmark		
840	CASP7	caspase 7	Caspases	landmark		
843	CASP10	caspase 10	Caspases, Death effector domain containing, Death inducing signaling complex 	landmark		
847	CAT	catalase		landmark		
6500	SKP1	S-phase kinase associated protein 1	SCF complex	landmark		
868	CBLB	Cbl proto-oncogene B	Ring finger proteins	landmark		
6509	SLC1A4	solute carrier family 1 member 4	Solute carriers	landmark		
873	CBR1	carbonyl reductase 1	Short chain dehydrogenase/reductase superfamily	landmark		
874	CBR3	carbonyl reductase 3	Short chain dehydrogenase/reductase superfamily	landmark		
7852	CXCR4	C-X-C motif chemokine receptor 4	CD molecules, C-X-C motif chemokine receptors	landmark		
54881	TEX10	testis expressed 10	5FMC ribosome biogenesis complex	landmark		
7849	PAX8	paired box 8	PRD class homeoboxes and pseudogenes, Paired boxes	landmark		
890	CCNA2	cyclin A2	Cyclins	landmark		
891	CCNB1	cyclin B1	Cyclins	landmark		
896	CCND3	cyclin D3	Cyclins	landmark		
899	CCNF	cyclin F	Cyclins, F-boxes other	landmark		
5211	PFKL	phosphofructokinase, liver type		landmark		
7874	USP7	ubiquitin specific peptidase 7	Ubiquitin specific peptidases	landmark		
7866	IFRD2	interferon related developmental regulator 2		landmark		
7867	MAPKAPK3	mitogen-activated protein kinase-activated protein kinase 3	Mitogen-activated protein kinase-activated protein kinases	landmark		
5223	PGAM1	phosphoglycerate mutase 1	Bisphosphoglycerate phosphatases	landmark		
5236	PGM1	phosphoglucomutase 1		landmark		
5255	PHKA1	phosphorylase kinase regulatory subunit alpha 1		landmark		
5257	PHKB	phosphorylase kinase regulatory subunit beta		landmark		
5261	PHKG2	phosphorylase kinase catalytic subunit gamma 2		landmark		
6597	SMARCA4	SWI/SNF related, matrix associated, actin dependent regulator of chromatin, subfamily a, member 4		landmark		
6599	SMARCC1	SWI/SNF related, matrix associated, actin dependent regulator of chromatin subfamily c member 1	Myb/SANT domain containing	landmark		
54807	ZNF586	zinc finger protein 586	Zinc fingers C2H2-type	landmark		
5287	PIK3C2B	phosphatidylinositol-4-phosphate 3-kinase catalytic subunit type 2 beta	Phosphatidylinositol 3-kinase subunits	landmark		
5289	PIK3C3	phosphatidylinositol 3-kinase catalytic subunit type 3	Phosphatidylinositol 3-kinase subunits	landmark		
5290	PIK3CA	phosphatidylinositol-4,5-bisphosphate 3-kinase catalytic subunit alpha	Phosphatidylinositol 3-kinase subunits	landmark		
54850	FBXL12	F-box and leucine rich repeat protein 12	F-box and leucine rich repeat proteins	landmark		
27242	TNFRSF21	TNF receptor superfamily member 21	CD molecules, Tumor necrosis factor receptor superfamily	landmark		
27244	SESN1	sestrin 1		landmark		
29890	RBM15B	RNA binding motif protein 15B	RNA binding motif containing	landmark		
30849	PIK3R4	phosphoinositide-3-kinase regulatory subunit 4	WD repeat domain containing	landmark		
902	CCNH	cyclin H	Cyclins	landmark		
30836	DNTTIP2	deoxynucleotidyltransferase terminal interacting protein 2		landmark		
51097	SCCPDH	saccharopine dehydrogenase (putative)		landmark		
949	SCARB1	scavenger receptor class B member 1	Scavenger receptors	landmark		
7905	REEP5	receptor accessory protein 5	Receptor accessory proteins	landmark		
958	CD40	CD40 molecule	CD molecules, Tumor necrosis factor receptor superfamily	landmark		
960	CD44	CD44 molecule (Indian blood group)	Blood group antigens, CD molecules, Proteoglycans	landmark		
965	CD58	CD58 molecule	CD molecules	landmark		
26054	SENP6	SUMO1/sentrin specific peptidase 6	SUMO specific peptidases	landmark		
976	ADGRE5	adhesion G protein-coupled receptor E5	CD molecules, Adhesion G protein-coupled receptors, subfamily E	landmark		
6603	SMARCD2	SWI/SNF related, matrix associated, actin dependent regulator of chromatin, subfamily d, member 2		landmark		
26064	RAI14	retinoic acid induced 14	Ankyrin repeat domain containing	landmark		
983	CDK1	cyclin dependent kinase 1	Cyclin dependent kinases	landmark		
6616	SNAP25	synaptosome associated protein 25	SNAREs	landmark		
5300	PIN1	peptidylprolyl cis/trans isomerase, NIMA-interacting 1	Parvulins	landmark		
991	CDC20	cell division cycle 20	WD repeat domain containing	landmark		
993	CDC25A	cell division cycle 25A	Class III Cys-based CDC25 phosphatases	landmark		
994	CDC25B	cell division cycle 25B	Class III Cys-based CDC25 phosphatases	landmark		
51001	MTERF3	mitochondrial transcription termination factor 3		landmark		
998	CDC42	cell division cycle 42	Rho family GTPases	landmark		
51005	AMDHD2	amidohydrolase domain containing 2		landmark		
6622	SNCA	synuclein alpha	Parkinson disease associated genes	landmark		
51015	ISOC1	isochorismatase domain containing 1		landmark		
5321	PLA2G4A	phospholipase A2 group IVA	Phospholipases, C2 domain containing phospholipases	landmark		
7982	ST7	suppression of tumorigenicity 7		landmark		
51021	MRPS16	mitochondrial ribosomal protein S16	Mitochondrial ribosomal proteins	landmark		
51024	FIS1	fission, mitochondrial 1	Tetratricopeptide repeat domain containing	landmark		
51026	GOLT1B	golgi transport 1B		landmark		
91949	COG7	component of oligomeric golgi complex 7	Components of oligomeric golgi complex	landmark		
5331	PLCB3	phospholipase C beta 3	Phospholipases, C2 domain containing phospholipases	landmark		
7994	KAT6A	lysine acetyltransferase 6A	Zinc fingers C2HC-type, PHD finger proteins, Lysine acetyltransferases	landmark		
51031	GLOD4	glyoxalase domain containing 4		landmark		
6657	SOX2	SRY-box 2	SRY-boxes	landmark		
6659	SOX4	SRY-box 4	SRY-boxes	landmark		
6676	SPAG4	sperm associated antigen 4		landmark		
5355	PLP2	proteolipid protein 2		landmark		
51053	GMNN	geminin, DNA replication inhibitor		landmark		
51056	LAP3	leucine aminopeptidase 3	Aminopeptidases	landmark		
4016	LOXL1	lysyl oxidase like 1		landmark		
5347	PLK1	polo like kinase 1		landmark		
6696	SPP1	secreted phosphoprotein 1	Endogenous ligands, SIBLING family	landmark		
5366	PMAIP1	phorbol-12-myristate-13-acetate-induced protein 1	BCL2 homology region 3 (BH3) only	landmark		
6697	SPR	sepiapterin reductase (7,8-dihydrobiopterin:NADP+ oxidoreductase)	Short chain dehydrogenase/reductase superfamily	landmark		
5357	PLS1	plastin 1	EF-hand domain containing	landmark		
5359	PLSCR1	phospholipid scramblase 1	Phospholipid scramblases	landmark		
5373	PMM2	phosphomannomutase 2	HAD Asp-based non-protein phosphatases	landmark		
4043	LRPAP1	LDL receptor related protein associated protein 1		landmark		
51070	NOSIP	nitric oxide synthase interacting protein		landmark		
51071	DERA	deoxyribose-phosphate aldolase		landmark		
54915	YTHDF1	YTH N6-methyladenosine RNA binding protein 1		landmark		
4067	LYN	LYN proto-oncogene, Src family tyrosine kinase	SH2 domain containing, Src family tyrosine kinases	landmark		
29928	TIMM22	translocase of inner mitochondrial membrane 22	TIM22 complex	landmark		
4088	SMAD3	SMAD family member 3	SMAD family	landmark		
29937	NENF	neudesin neurotrophic factor	Membrane associated progesterone receptor family	landmark		
54957	TXNL4B	thioredoxin like 4B		landmark		
29911	HOOK2	hook microtubule tethering protein 2		landmark		
29916	SNX11	sorting nexin 11	Sorting nexins	landmark		
26036	ZNF451	zinc finger protein 451	Zinc fingers C2H2-type	landmark		
27346	TMEM97	transmembrane protein 97		landmark		
26020	LRP10	LDL receptor related protein 10	Low density lipoprotein receptors	landmark		
27336	HTATSF1	HIV-1 Tat specific factor 1	RNA binding motif containing	landmark		
26001	RNF167	ring finger protein 167	Ring finger proteins	landmark		
29978	UBQLN2	ubiquilin 2	Ubiquilin family	landmark		
6709	SPTAN1	spectrin alpha, non-erythrocytic 1	EF-hand domain containing, Spectrins	landmark		
6714	SRC	SRC proto-oncogene, non-receptor tyrosine kinase	SH2 domain containing, Src family tyrosine kinases	landmark		
5423	POLB	DNA polymerase beta	DNA polymerases	landmark		
5427	POLE2	DNA polymerase epsilon 2, accessory subunit	DNA polymerases	landmark		
5440	POLR2K	RNA polymerase II subunit K	RNA polymerase subunits	landmark		
6772	STAT1	signal transducer and activator of transcription 1	SH2 domain containing	landmark		
6774	STAT3	signal transducer and activator of transcription 3	SH2 domain containing	landmark		
5438	POLR2I	RNA polymerase II subunit I	RNA polymerase subunits	landmark		
6777	STAT5B	signal transducer and activator of transcription 5B	SH2 domain containing	landmark		
6790	AURKA	aurora kinase A	Protein phosphatase 1 regulatory subunits	landmark		
6793	STK10	serine/threonine kinase 10		landmark		
51160	VPS28	VPS28, ESCRT-I subunit	ESCRT-I	landmark		
4125	MAN2B1	mannosidase alpha class 2B member 1	Mannosidases alpha class 2	landmark		
4144	MAT2A	methionine adenosyltransferase 2A		landmark		
51170	HSD17B11	hydroxysteroid 17-beta dehydrogenase 11	Short chain dehydrogenase/reductase superfamily	landmark		
5467	PPARD	peroxisome proliferator activated receptor delta	Nuclear hormone receptors	landmark		
5468	PPARG	peroxisome proliferator activated receptor gamma	Nuclear hormone receptors	landmark		
4154	MBNL1	muscleblind like splicing regulator 1	Zinc fingers CCCH-type	landmark		
5480	PPIC	peptidylprolyl isomerase C	Cyclophilin peptidylprolyl isomerases	landmark		
5498	PPOX	protoporphyrinogen oxidase		landmark		
4172	MCM3	minichromosome maintenance complex component 3	MCM family	landmark		
64422	ATG3	autophagy related 3	Autophagy related	landmark		
64429	ZDHHC6	zinc finger DHHC-type containing 6	Zinc fingers DHHC-type	landmark		
64428	NARFL	nuclear prelamin A recognition factor like	Cytosolic iron-sulfur assembly components	landmark		
51116	MRPS2	mitochondrial ribosomal protein S2	Mitochondrial ribosomal proteins	landmark		
26136	TES	testin LIM domain protein	LIM domain containing	landmark		
26128	KIF1BP	KIF1 binding protein	Tetratricopeptide repeat domain containing	landmark		
6804	STX1A	syntaxin 1A	Syntaxins	landmark		
6810	STX4	syntaxin 4	Syntaxins	landmark		
6812	STXBP1	syntaxin binding protein 1		landmark		
6813	STXBP2	syntaxin binding protein 2		landmark		
6839	SUV39H1	suppressor of variegation 3-9 homolog 1	Lysine methyltransferases, SET domain containing	landmark		
6832	SUPV3L1	Suv3 like RNA helicase	RNA helicases	landmark		
6850	SYK	spleen associated tyrosine kinase	SH2 domain containing	landmark		
26292	MYCBP	MYC binding protein		landmark		
4200	ME2	malic enzyme 2		landmark		
6856	SYPL1	synaptophysin like 1		landmark		
5525	PPP2R5A	protein phosphatase 2 regulatory subunit B'alpha	Protein phosphatase 2 regulatory subunits	landmark		
5529	PPP2R5E	protein phosphatase 2 regulatory subunit B'epsilon	Protein phosphatase 2 regulatory subunits	landmark		
4208	MEF2C	myocyte enhancer factor 2C	Myocyte enhancer factor 2 proteins, MADS box family	landmark		
4216	MAP3K4	mitogen-activated protein kinase kinase kinase 4	Mitogen-activated protein kinase kinase kinases	landmark		
5547	PRCP	prolylcarboxypeptidase	Minor histocompatibility antigens, Carboxypeptidases	landmark		
6894	TARBP1	TAR (HIV-1) RNA binding protein 1	SPOUT methyltranferase domain containing	landmark		
4232	MEST	mesoderm specific transcript		landmark		
90861	HN1L	hematological and neurological expressed 1 like		landmark		
5566	PRKACA	protein kinase cAMP-activated catalytic subunit alpha		landmark		
5580	PRKCD	protein kinase C delta	C2 domain containing protein kinases	landmark		
5583	PRKCH	protein kinase C eta	C2 domain containing protein kinases	landmark		
51282	SCAND1	SCAN domain containing 1	SCAN domain containing	landmark		
51293	CD320	CD320 molecule	CD molecules	landmark		
5588	PRKCQ	protein kinase C theta	C2 domain containing protein kinases	landmark		
4282	MIF	macrophage migration inhibitory factor (glycosylation-inhibiting factor)		landmark		
51203	NUSAP1	nucleolar and spindle associated protein 1		landmark		
26227	PHGDH	phosphoglycerate dehydrogenase		landmark		
6908	TBP	TATA-box binding protein	General transcription factors	landmark		
6909	TBX2	T-box 2	T-boxes	landmark		
6919	TCEA2	transcription elongation factor A2		landmark		
6915	TBXA2R	thromboxane A2 receptor	Prostaglandin (prostanoid) receptors	landmark		
5607	MAP2K5	mitogen-activated protein kinase kinase 5	Mitogen-activated protein kinase kinases	landmark		
5601	MAPK9	mitogen-activated protein kinase 9	Mitogen-activated protein kinases	landmark		
5603	MAPK13	mitogen-activated protein kinase 13	Mitogen-activated protein kinases	landmark		
6944	VPS72	vacuolar protein sorting 72 homolog	SRCAP complex	landmark		
5613	PRKX	protein kinase, X-linked		landmark		
5627	PROS1	protein S (alpha)	Gla domain containing	landmark		
5641	LGMN	legumain		landmark		
4303	FOXO4	forkhead box O4	Forkhead boxes	landmark		
4312	MMP1	matrix metallopeptidase 1	Endogenous ligands, Matrix metallopeptidases	landmark		
4313	MMP2	matrix metallopeptidase 2	Matrix metallopeptidases	landmark		
6990	DYNLT3	dynein light chain Tctex-type 3	Dyneins, cytoplasmic	landmark		
4331	MNAT1	MNAT1, CDK activating kinase assembly factor	Ring finger proteins, Nucleotide excision repair	landmark		
5654	HTRA1	HtrA serine peptidase 1	Proteases, serine, PDZ domain containing	landmark		
6988	TCTA	T-cell leukemia translocation altered		landmark		
51375	SNX7	sorting nexin 7	Sorting nexins, PX-BAR domain containing	landmark		
51382	ATP6V1D	ATPase H+ transporting V1 subunit D	V-type ATPases	landmark		
51385	ZNF589	zinc finger protein 589	Zinc fingers C2H2-type	landmark		
5696	PSMB8	proteasome subunit beta 8	Proteasome	landmark		
3033	HADH	hydroxyacyl-CoA dehydrogenase		landmark		
3028	HSD17B10	hydroxysteroid 17-beta dehydrogenase 10	X-linked mental retardation, Short chain dehydrogenase/reductase superfamily	landmark		
5699	PSMB10	proteasome subunit beta 10	Proteasome	landmark		
3066	HDAC2	histone deacetylase 2	Histone deacetylases, class I, EMSY complex, NuRD complex, SIN3 histone deacetylase complex	landmark		
3091	HIF1A	hypoxia inducible factor 1 alpha subunit	Basic helix-loop-helix proteins	landmark		
3098	HK1	hexokinase 1		landmark		
89910	UBE3B	ubiquitin protein ligase E3B		landmark		
28969	BZW2	basic leucine zipper and W2 domains 2		landmark		
51335	NGRN	neugrin, neurite outgrowth associated		landmark		
5708	PSMD2	proteasome 26S subunit, non-ATPase 2	Proteasome	landmark		
5710	PSMD4	proteasome 26S subunit, non-ATPase 4	Proteasome	landmark		
5715	PSMD9	proteasome 26S subunit, non-ATPase 9	Proteasome, PDZ domain containing	landmark		
5716	PSMD10	proteasome 26S subunit, non-ATPase 10	Ankyrin repeat domain containing, Proteasome	landmark		
5720	PSME1	proteasome activator subunit 1	Proteasome	landmark		
5721	PSME2	proteasome activator subunit 2	Proteasome	landmark		
5743	PTGS2	prostaglandin-endoperoxide synthase 2		landmark		
5747	PTK2	protein tyrosine kinase 2	Protein phosphatase 1 regulatory subunits, FERM domain containing	landmark		
5770	PTPN1	protein tyrosine phosphatase, non-receptor type 1	Protein tyrosine phosphatases, non-receptor type	landmark		
3108	HLA-DMA	major histocompatibility complex, class II, DM alpha	Histocompatibility complex, C1-set domain containing	landmark		
5782	PTPN12	protein tyrosine phosphatase, non-receptor type 12	Protein tyrosine phosphatases, non-receptor type	landmark		
3122	HLA-DRA	major histocompatibility complex, class II, DR alpha	Histocompatibility complex, C1-set domain containing	landmark		
5777	PTPN6	protein tyrosine phosphatase, non-receptor type 6	SH2 domain containing, Protein tyrosine phosphatases, non-receptor type	landmark		
5792	PTPRF	protein tyrosine phosphatase, receptor type F	Fibronectin type III domain containing, I-set domain containing, Protein tyrosine phosphatases, receptor type	landmark		
5796	PTPRK	protein tyrosine phosphatase, receptor type K	Fibronectin type III domain containing, Immunoglobulin like domain containing, Protein tyrosine phosphatases, receptor type	landmark		
51495	HACD3	3-hydroxyacyl-CoA dehydratase 3		landmark		
5788	PTPRC	protein tyrosine phosphatase, receptor type C	CD molecules, Fibronectin type III domain containing, Protein tyrosine phosphatases, receptor type	landmark		
4482	MSRA	methionine sulfoxide reductase A		landmark		
3156	HMGCR	3-hydroxy-3-methylglutaryl-CoA reductase		landmark		
3162	HMOX1	heme oxygenase 1		landmark		
3157	HMGCS1	3-hydroxy-3-methylglutaryl-CoA synthase 1		landmark		
51422	PRKAG2	protein kinase AMP-activated non-catalytic subunit gamma 2		landmark		
64746	ACBD3	acyl-CoA binding domain containing 3	A-kinase anchoring proteins	landmark		
51465	UBE2J1	ubiquitin conjugating enzyme E2 J1	Ubiquitin conjugating enzymes E2	landmark		
51466	EVL	Enah/Vasp-like	ENAH/VASPs	landmark		
64781	CERK	ceramide kinase		landmark		
5827	PXMP2	peroxisomal membrane protein 2		landmark		
5829	PXN	paxillin	LIM domain containing	landmark		
5831	PYCR1	pyrroline-5-carboxylate reductase 1		landmark		
5836	PYGL	glycogen phosphorylase L	Glycogen phosphorylases	landmark		
5873	RAB27A	RAB27A, member RAS oncogene family	RAB, member RAS oncogene GTPases	landmark		
3206	HOXA10	homeobox A10	HOXL subclass homeoboxes	landmark		
3202	HOXA5	homeobox A5	HOXL subclass homeoboxes	landmark		
5867	RAB4A	RAB4A, member RAS oncogene family	RAB, member RAS oncogene GTPases	landmark		
5880	RAC2	ras-related C3 botulinum toxin substrate 2 (rho family, small GTP binding protein Rac2)	Rho family GTPases, Endogenous ligands	landmark		
5883	RAD9A	RAD9 checkpoint clamp component A	Checkpoint clamp complex	landmark		
5891	MOK	MOK protein kinase		landmark		
5889	RAD51C	RAD51 paralog C	Fanconi anemia complementation groups	landmark		
5898	RALA	RAS like proto-oncogene A	RAS type GTPase family	landmark		
5899	RALB	RAS like proto-oncogene B	RAS type GTPase family	landmark		
4582	MUC1	mucin 1, cell surface associated	CD molecules, Mucins	landmark		
3251	HPRT1	hypoxanthine phosphoribosyltransferase 1		landmark		
3280	HES1	hes family bHLH transcription factor 1	Basic helix-loop-helix proteins	landmark		
26511	CHIC2	cysteine rich hydrophobic domain 2		landmark		
51569	UFM1	ubiquitin fold modifier 1		landmark		
26520	TIMM9	translocase of inner mitochondrial membrane 9	TIM22 complex	landmark		
51599	LSR	lipolysis stimulated lipoprotein receptor	Immunoglobulin like domain containing	landmark		
5909	RAP1GAP	RAP1 GTPase activating protein		landmark		
5900	RALGDS	ral guanine nucleotide dissociation stimulator		landmark		
5927	KDM5A	lysine demethylase 5A	PHD finger proteins, AT-rich interaction domain containing, Lysine demethylases, EMSY complex	landmark		
5921	RASA1	RAS p21 protein activator 1	Pleckstrin homology domain containing, SH2 domain containing, C2 and RasGAP domain containing	landmark		
5925	RB1	RB transcriptional corepressor 1	Endogenous ligands	landmark		
4609	MYC	v-myc avian myelocytomatosis viral oncogene homolog	Basic helix-loop-helix proteins	landmark		
4605	MYBL2	MYB proto-oncogene like 2	Myb/SANT domain containing	landmark		
4616	GADD45B	growth arrest and DNA damage inducible beta		landmark		
5971	RELB	RELB proto-oncogene, NF-kB subunit	NF-kappa B complex subunits	landmark		
3303	HSPA1A	heat shock protein family A (Hsp70) member 1A	Heat shock 70kDa proteins	landmark		
3300	DNAJB2	DnaJ heat shock protein family (Hsp40) member B2	DNAJ (HSP40) heat shock proteins	landmark		
3308	HSPA4	heat shock protein family A (Hsp70) member 4	Heat shock 70kDa proteins	landmark		
4638	MYLK	myosin light chain kinase	Fibronectin type III domain containing, I-set domain containing	landmark		
4651	MYO10	myosin X	Pleckstrin homology domain containing, Myosins, class X, FERM domain containing	landmark		
5982	RFC2	replication factor C subunit 2	AAA ATPases	landmark		
3315	HSPB1	heat shock protein family B (small) member 1	Small heat shock proteins	landmark		
3312	HSPA8	heat shock protein family A (Hsp70) member 8	Heat shock 70kDa proteins, NineTeen complex	landmark		
5993	RFX5	regulatory factor X5	Regulatory factor X family	landmark		
3329	HSPD1	heat shock protein family D (Hsp60) member 1	Chaperonins	landmark		
5985	RFC5	replication factor C subunit 5	AAA ATPases	landmark		
5986	RFNG	RFNG O-fucosylpeptide 3-beta-N-acetylglucosaminyltransferase	Beta 3-glycosyltransferases	landmark		
3337	DNAJB1	DnaJ heat shock protein family (Hsp40) member B1	DNAJ (HSP40) heat shock proteins	landmark		
5997	RGS2	regulator of G-protein signaling 2	Endogenous ligands, Regulators of G-protein signaling	landmark		
2017	CTTN	cortactin		landmark		
4690	NCK1	NCK adaptor protein 1	SH2 domain containing	landmark		
2042	EPHA3	EPH receptor A3	Fibronectin type III domain containing, Sterile alpha motif domain containing, EPH receptors	landmark		
2037	EPB41L2	erythrocyte membrane protein band 4.1 like 2	Erythrocyte membrane protein band 4.1, FERM domain containing	landmark		
3385	ICAM3	intercellular adhesion molecule 3	CD molecules, Immunoglobulin like domain containing	landmark		
3383	ICAM1	intercellular adhesion molecule 1	CD molecules, Endogenous ligands, Immunoglobulin like domain containing	landmark		
2048	EPHB2	EPH receptor B2	Fibronectin type III domain containing, Sterile alpha motif domain containing, EPH receptors	landmark		
3398	ID2	inhibitor of DNA binding 2, HLH protein	Basic helix-loop-helix proteins	landmark		
2065	ERBB3	erb-b2 receptor tyrosine kinase 3	Erb-b2 receptor tyrosine kinases	landmark		
2064	ERBB2	erb-b2 receptor tyrosine kinase 2	CD molecules, Minor histocompatibility antigens, Erb-b2 receptor tyrosine kinases	landmark		
2063	NR2F6	nuclear receptor subfamily 2 group F member 6	Nuclear hormone receptors	landmark		
2058	EPRS	glutamyl-prolyl-tRNA synthetase	Aminoacyl tRNA synthetases, Class I, Aminoacyl tRNA synthetases, Class II	landmark		
64943	NT5DC2	5'-nucleotidase domain containing 2		landmark		
51635	DHRS7	dehydrogenase/reductase 7	Short chain dehydrogenase/reductase superfamily	landmark		
3416	IDE	insulin degrading enzyme		landmark		
2109	ETFB	electron transfer flavoprotein beta subunit		landmark		
4780	NFE2L2	nuclear factor, erythroid 2 like 2	Basic leucine zipper proteins	landmark		
4783	NFIL3	nuclear factor, interleukin 3 regulated	Basic leucine zipper proteins	landmark		
2115	ETV1	ETS variant 1	ETS transcription factor family	landmark		
2113	ETS1	ETS proto-oncogene 1, transcription factor	ETS transcription factor family	landmark		
4775	NFATC3	nuclear factor of activated T-cells 3	Nuclear factors of activated T-cells	landmark		
4776	NFATC4	nuclear factor of activated T-cells 4	Nuclear factors of activated T-cells	landmark		
4791	NFKB2	nuclear factor kappa B subunit 2	Ankyrin repeat domain containing, NF-kappa B complex subunits	landmark		
4792	NFKBIA	NFKB inhibitor alpha	Ankyrin repeat domain containing	landmark		
4793	NFKBIB	NFKB inhibitor beta	Ankyrin repeat domain containing	landmark		
4794	NFKBIE	NFKB inhibitor epsilon	Ankyrin repeat domain containing	landmark		
2131	EXT1	exostosin glycosyltransferase 1	Exostosin glycosyltransferase family	landmark		
3454	IFNAR1	interferon alpha and beta receptor subunit 1	Interferon receptors	landmark		
3486	IGFBP3	insulin like growth factor binding protein 3	Insulin like growth factor binding proteins	landmark		
3482	IGF2R	insulin like growth factor 2 receptor	CD molecules, MRH domain containing 	landmark		
3480	IGF1R	insulin like growth factor 1 receptor	Receptor Tyrosine Kinases, CD molecules, Fibronectin type III domain containing	landmark		
2146	EZH2	enhancer of zeste 2 polycomb repressive complex 2 subunit	Lysine methyltransferases, Myb/SANT domain containing, Polycomb repressive complex 2, SET domain containing	landmark		
2185	PTK2B	protein tyrosine kinase 2 beta	Minor histocompatibility antigens, FERM domain containing	landmark		
2184	FAH	fumarylacetoacetate hydrolase		landmark		
2195	FAT1	FAT atypical cadherin 1	Cadherin related	landmark		
24149	ZNF318	zinc finger protein 318	Zinc fingers C2H2-type	landmark		
51719	CAB39	calcium binding protein 39		landmark		
4817	NIT1	nitrilase 1		landmark		
51742	ARID4B	AT-rich interaction domain 4B	AT-rich interaction domain containing	landmark		
3508	IGHMBP2	immunoglobulin mu binding protein 2	Zinc fingers AN1-type, UPF1 like RNA helicases	landmark		
4836	NMT1	N-myristoyltransferase 1		landmark		
4850	CNOT4	CCR4-NOT transcription complex subunit 4	RNA binding motif containing, CCR4-NOT transcription complex	landmark		
4846	NOS3	nitric oxide synthase 3		landmark		
4860	PNP	purine nucleoside phosphorylase		landmark		
4851	NOTCH1	notch 1	Ankyrin repeat domain containing	landmark		
4864	NPC1	NPC intracellular cholesterol transporter 1		landmark		
3551	IKBKB	inhibitor of nuclear factor kappa B kinase subunit beta		landmark		
4891	SLC11A2	solute carrier family 11 member 2	Solute carriers	landmark		
4893	NRAS	neuroblastoma RAS viral oncogene homolog	RAS type GTPase family	landmark		
2222	FDFT1	farnesyl-diphosphate farnesyltransferase 1		landmark		
3553	IL1B	interleukin 1 beta	Endogenous ligands, Interleukins	landmark		
3566	IL4R	interleukin 4 receptor	CD molecules, Interleukin receptors	landmark		
2264	FGFR4	fibroblast growth factor receptor 4	Receptor Tyrosine Kinases, CD molecules, I-set domain containing	landmark		
2263	FGFR2	fibroblast growth factor receptor 2	Receptor Tyrosine Kinases, CD molecules, I-set domain containing	landmark		
2274	FHL2	four and a half LIM domains 2	LIM domain containing	landmark		
3597	IL13RA1	interleukin 13 receptor subunit alpha 1	CD molecules, Interleukin receptors	landmark		
2288	FKBP4	FK506 binding protein 4	Tetratricopeptide repeat domain containing, FKBP prolyl isomerases	landmark		
63874	ABHD4	abhydrolase domain containing 4	Abhydrolase domain containing	landmark		
85236	HIST1H2BK	histone cluster 1 H2B family member k	Histones	landmark		
4925	NUCB2	nucleobindin 2	EF-hand domain containing	landmark		
4927	NUP88	nucleoporin 88	Nucleoporins	landmark		
4931	NVL	nuclear VCP-like	AAA ATPases	landmark		
3611	ILK	integrin linked kinase	Ankyrin repeat domain containing	landmark		
3628	INPP1	inositol polyphosphate-1-phosphatase	Phosphoinositide phosphatases	landmark		
